Label,correlation0,homogeneity0,contrast0,energy0,correlation0,homogeneity0,contrast0,energy0,correlation0,homogeneity0,contrast0,energy0,correlation0,homogeneity0,contrast0,energy0
Kawung,0.6783055265251038,0.6783055265251043,0.6471364180846435,0.6783055265251043,0.06584023022544781,0.06584023022544774,0.05526568477825683,0.06584023022544774,3486.0690821850376,3486.069082185038,3824.6305364173236,3486.069082185038,0.02829095809160574,0.02829095809160573,0.022022294129197286,0.02829095809160573
Kawung,0.7307249712360225,0.7307249712360231,0.7175415023681844,0.7307249712360231,0.08246649121908062,0.08246649121908067,0.08520978864365727,0.08246649121908067,3962.2520915354316,3962.2520915354344,4157.7194266732295,3962.2520915354344,0.03198191848747263,0.0319819184874726,0.0352066831107631,0.0319819184874726
Kawung,0.7380862120348776,0.7380862120348783,0.706217285824749,0.7380862120348783,0.09521173128456967,0.09521173128456968,0.08906091684768086,0.09521173128456968,3902.7846333661423,3902.784633366139,4377.429810531497,3902.784633366139,0.04095923428112233,0.04095923428112232,0.03908414560858881,0.04095923428112232
Kawung,0.7571788574643304,0.7571788574643306,0.6969992094040187,0.7571788574643306,0.2827987939105092,0.28279879391050955,0.27783280805196425,0.28279879391050955,631.9969242125981,631.9969242125983,787.6767347440943,631.9969242125983,0.24687815578123626,0.2468781557812361,0.2441063476658067,0.2468781557812361
Kawung,0.6548217519291117,0.6548217519291113,0.5113551003383459,0.6548217519291113,0.07934397795963813,0.07934397795963817,0.0662023330954583,0.07934397795963817,408.5748031496062,408.57480314960674,573.0508735236223,408.57480314960674,0.019590037426387347,0.019590037426387347,0.017622946634703873,0.019590037426387347
Kawung,0.641384895930236,0.6413848959302365,0.8022498633481581,0.6413848959302365,0.19991405746875235,0.1999140574687523,0.22488385377817713,0.1999140574687523,713.8286171259847,713.8286171259845,398.8649114173228,713.8286171259845,0.15808063136933717,0.15808063136933723,0.1725355862748252,0.15808063136933723
Kawung,0.7214871753265831,0.7214871753265827,0.8178633811782203,0.7214871753265827,0.16408404641818197,0.1640840464181818,0.17857494101023044,0.1640840464181818,853.9876353346457,853.9876353346461,559.5007997047243,853.9876353346461,0.1169233950955764,0.11692339509557634,0.1211564175035159,0.11692339509557634
Kawung,0.7020722292131965,0.7020722292131959,0.7547611953216451,0.7020722292131959,0.08009226811464012,0.08009226811464018,0.08799774630888724,0.08009226811464018,756.3527312992128,756.3527312992122,626.8206200787399,756.3527312992122,0.024267163426309024,0.024267163426309028,0.02951781745472713,0.024267163426309028
Kawung,0.7575338917209061,0.7575338917209056,0.7858517760498985,0.7575338917209056,0.1854291952139799,0.18542919521397996,0.18821462490305316,0.18542919521397996,746.3225885826777,746.3225885826773,659.1206323818903,746.3225885826773,0.13729314466448062,0.13729314466448062,0.13791559070881346,0.13729314466448062
Kawung,0.6247033840372244,0.6247033840372241,0.7363012816643161,0.6247033840372241,0.15510132931357115,0.15510132931357132,0.16299438038097872,0.15510132931357132,678.2955831692909,678.2955831692918,477.95810777559024,678.2955831692918,0.10885795207243394,0.10885795207243382,0.11129870058254943,0.10885795207243382
Kawung,0.6967380005979634,0.6967380005979646,0.8369523401350278,0.6967380005979646,0.19920450551346353,0.19920450551346364,0.22182578681034798,0.19920450551346364,1033.6737819881887,1033.673781988189,557.0672367125984,1033.673781988189,0.15928048732012953,0.15928048732012937,0.1679855530630579,0.15928048732012937
Kawung,0.5656355953614587,0.5656355953614594,0.7086324952603358,0.5656355953614594,0.10899437866809128,0.10899437866809132,0.12389769129776132,0.10899437866809132,665.0177165354336,665.017716535433,449.3746924212599,665.017716535433,0.05987394466591157,0.059873944665911574,0.06404802733778871,0.059873944665911574
Kawung,0.7309131166316156,0.7309131166316163,0.7945458594441446,0.7309131166316163,0.23285028298377097,0.23285028298377097,0.24385796123101466,0.23285028298377097,929.1155880905511,929.1155880905501,710.4143085629918,929.1155880905501,0.19485965505739228,0.19485965505739228,0.20034106709237431,0.19485965505739228
Kawung,0.7948648764398194,0.7948648764398197,0.7401857675826676,0.7948648764398197,0.2914844178586676,0.29148441785866747,0.2824192190889947,0.29148441785866747,916.7387426181105,916.7387426181097,1160.3080708661412,916.7387426181097,0.25571591096203755,0.25571591096203755,0.24980774991420648,0.25571591096203755
Kawung,0.6014921208894479,0.6014921208894487,0.7311484728018849,0.6014921208894487,0.13066611148480764,0.13066611148480742,0.1444869191641057,0.13066611148480742,908.1277066929136,908.1277066929122,614.009965551181,908.1277066929122,0.09248065684509392,0.0924806568450939,0.09427115277116102,0.0924806568450939
Kawung,0.7849422852941188,0.7849422852941197,0.7308030236464071,0.7849422852941197,0.2675276510755009,0.2675276510755013,0.26296841355102957,0.2675276510755013,1567.8790600393709,1567.8790600393702,1960.6630782480313,1567.8790600393702,0.2379038982611629,0.23790389826116282,0.23654252173821935,0.23790389826116282
Kawung,0.5189037199102596,0.5189037199102602,0.5066695382780979,0.5189037199102602,0.051420696373802185,0.05142069637380214,0.04741480413630547,0.05142069637380214,789.3336614173228,789.3336614173227,807.7678395669293,789.3336614173227,0.01406062157217482,0.014060621572174817,0.01411246878744734,0.014060621572174817
Kawung,0.5764824081747068,0.5764824081747061,0.7265454741728122,0.5764824081747061,0.12464113468769403,0.12464113468769404,0.14045028946098398,0.12464113468769404,926.7677780511807,926.7677780511815,602.3240649606296,926.7677780511815,0.08513046107354257,0.08513046107354257,0.08875245172720098,0.08513046107354257
Kawung,0.8029420730831164,0.8029420730831167,0.7674722246719871,0.8029420730831167,0.2190437654009888,0.21904376540098894,0.211321337673428,0.21904376540098894,795.2001107283461,795.2001107283456,937.83126230315,795.2001107283456,0.1711203367467574,0.1711203367467574,0.16919293396264637,0.1711203367467574
Kawung,0.5687436641309006,0.5687436641309007,0.5906297371421924,0.5687436641309007,0.08546240346875444,0.08546240346875439,0.09095159788909715,0.08546240346875439,826.0099040354329,826.0099040354329,786.1489296259845,826.0099040354329,0.04228929169426649,0.04228929169426648,0.04365156786788995,0.04228929169426648
Kawung,0.6151873053728697,0.6151873053728688,0.6882408912208886,0.6151873053728688,0.15319356813341542,0.15319356813341548,0.16186222762867272,0.15319356813341548,965.1683070866148,965.1683070866145,784.9186761811021,965.1683070866145,0.11599156023091861,0.11599156023091864,0.11955398485744821,0.11599156023091864
Kawung,0.825330416292947,0.8253304162929479,0.722715362074904,0.8253304162929479,0.1903782239031805,0.19037822390318052,0.17189212768728296,0.19037822390318052,691.4021284448818,691.4021284448818,1095.609251968504,691.4021284448818,0.13725325545845354,0.13725325545845354,0.12947385954046617,0.13725325545845354
Kawung,0.6155206729448175,0.6155206729448184,0.6332762889899972,0.6155206729448184,0.08357596011019548,0.08357596011019548,0.08135821595462721,0.08357596011019548,1565.1796874999995,1565.1796875000005,1492.183501476378,1565.1796875000005,0.041260882639260976,0.04126088263926098,0.04077060330698375,0.04126088263926098
Kawung,0.7096787873477028,0.7096787873477035,0.7146519375494294,0.7096787873477035,0.11732548979289482,0.1173254897928948,0.11781515244796106,0.1173254897928948,1312.576833169291,1312.5768331692902,1292.5625000000005,1312.5768331692902,0.07523725554584318,0.07523725554584315,0.07559176666804407,0.07523725554584315
Kawung,0.7810689418042154,0.7810689418042157,0.7881152688950076,0.7810689418042157,0.20866264726051972,0.2086626472605197,0.20901325398102844,0.2086626472605197,866.1390871062996,866.139087106299,838.5575787401577,866.139087106299,0.16192482702559216,0.16192482702559222,0.16265298892587515,0.16192482702559222
Kawung,0.7813413907488926,0.7813413907488918,0.7665386111408967,0.7813413907488918,0.33371024337961447,0.3337102433796142,0.33251014450294886,0.3337102433796142,986.5513656496065,986.551365649606,1053.2336983267717,986.551365649606,0.3027651762290692,0.3027651762290693,0.3011650570797698,0.3027651762290693
Kawung,0.5888585178634651,0.588858517863466,0.7415053345592114,0.588858517863466,0.09176530637737308,0.09176530637737304,0.11350034668992375,0.09176530637737304,1861.113435039369,1861.1134350393702,1199.773560531496,1861.1134350393702,0.05475855331417035,0.05475855331417032,0.0661082815023042,0.05475855331417032
Kawung,0.6677706522919311,0.6677706522919316,0.6534382846261797,0.6677706522919316,0.06572273387231431,0.06572273387231435,0.061328331238980856,0.06572273387231435,1027.599717027559,1027.5997170275589,1070.1070989173234,1027.5997170275589,0.018299875283615197,0.018299875283615197,0.01765448382544355,0.018299875283615197
Kawung,0.6439857953229098,0.6439857953229103,0.7276741948951211,0.6439857953229103,0.12061365052641401,0.12061365052641398,0.13392465644542817,0.12061365052641398,1723.315391240157,1723.3153912401574,1323.6488681102367,1723.3153912401574,0.08444317618071646,0.08444317618071646,0.08674156743370105,0.08444317618071646
Kawung,0.54484101825546,0.5448410182554592,0.763652971754649,0.5448410182554592,0.14974512793214087,0.14974512793214112,0.17522053878966878,0.14974512793214112,1238.4351624015733,1238.4351624015742,653.1427780511807,1238.4351624015742,0.11715105311354848,0.11715105311354855,0.13250003760767604,0.11715105311354855
Kawung,0.7160599014936193,0.7160599014936186,0.8294109290249168,0.7160599014936186,0.226420514574954,0.22642051457495427,0.24608376732552756,0.22642051457495427,1241.7629798228347,1241.7629798228327,747.3091166338581,1241.7629798228327,0.19026322647692423,0.1902632264769243,0.20029652252750813,0.1902632264769243
Kawung,0.7185507456329564,0.718550745632957,0.7138169800330878,0.718550745632957,0.23800992375845517,0.23800992375845514,0.2388994342161288,0.23800992375845514,1921.9151082677179,1921.9151082677158,1954.240280511813,1921.9151082677158,0.20816467397058924,0.2081646739705891,0.2081676007393515,0.2081646739705891
Kawung,0.7364833221816346,0.7364833221816351,0.8161507737183885,0.7364833221816351,0.26526385058886087,0.2652638505888609,0.27616191927217354,0.2652638505888609,1203.3001353346453,1203.3001353346467,840.0936269685038,1203.3001353346467,0.23014607544308432,0.23014607544308444,0.23710427740682155,0.23014607544308444
Kawung,0.7473805947091468,0.7473805947091459,0.7517843726827426,0.7473805947091459,0.32356255587837124,0.3235625558783716,0.32272206576402973,0.3235625558783716,2080.99249507874,2080.992495078741,2044.7156742125985,2080.992495078741,0.29996017357886257,0.2999601735788622,0.30002129009117123,0.2999601735788622
Kawung,0.4802952113973648,0.4802952113973645,0.592206162917496,0.4802952113973645,0.06519393257511903,0.06519393257511907,0.07511954026790554,0.06519393257511907,1005.7543061023617,1005.7543061023619,801.9605068897638,1005.7543061023619,0.025327461121613062,0.025327461121613097,0.0335863590740743,0.025327461121613097
Kawung,0.726809709416471,0.7268097094164709,0.713670721300049,0.7268097094164709,0.09489977672702139,0.09489977672702131,0.08657111274935479,0.09489977672702131,982.4116633858267,982.4116633858265,1026.7487696850396,982.4116633858265,0.043088872462606086,0.043088872462606086,0.038580527192829464,0.043088872462606086
Kawung,0.7300743128284867,0.7300743128284871,0.5963674326811671,0.7300743128284871,0.17757228271680361,0.1775722827168034,0.16622939862496858,0.1775722827168034,744.356914370078,744.356914370079,1107.9052042322821,744.356914370079,0.13679052605717681,0.1367905260571767,0.13245810504552868,0.1367905260571767
Kawung,0.7154262001854871,0.715426200185488,0.8228705723310906,0.715426200185488,0.2032278016524322,0.2032278016524323,0.22414739854030966,0.2032278016524323,1187.1898375984258,1187.1898375984254,740.470164862205,1187.1898375984254,0.1645885998669354,0.16458859986693533,0.17503856159307923,0.16458859986693533
Kawung,0.6482359081724087,0.6482359081724091,0.7318795711327816,0.6482359081724091,0.21227857523534863,0.21227857523534915,0.2172865420487335,0.21227857523534915,1024.2101377952758,1024.2101377952756,781.3752460629923,1024.2101377952756,0.1791047880279868,0.17910478802798688,0.1810876095256819,0.17910478802798688
Kawung,0.8180263573226648,0.8180263573226649,0.6975734247972103,0.8180263573226649,0.1917905738482049,0.19179057384820508,0.16348983368376885,0.19179057384820508,739.9307332677167,739.9307332677166,1219.552288385827,739.9307332677166,0.14026823510007508,0.14026823510007497,0.1218523402760541,0.14026823510007497
Kawung,0.6460899019997883,0.6460899019997877,0.7283766265973163,0.6460899019997877,0.12887841429868566,0.1288784142986854,0.13926861926690223,0.1288784142986854,1777.437746062992,1777.4377460629921,1372.4171382874022,1777.4377460629921,0.09294274290307719,0.09294274290307726,0.09671989427081239,0.09294274290307726
Kawung,0.6821639105851579,0.6821639105851567,0.8001276305715141,0.6821639105851567,0.2043677384256133,0.20436773842561315,0.21681840540687322,0.20436773842561315,1985.3645423228324,1985.3645423228338,1252.194389763779,1985.3645423228338,0.17551798018716505,0.17551798018716513,0.178123307225413,0.17551798018716513
Kawung,0.6655647478534634,0.6655647478534642,0.6969057719475844,0.6655647478534642,0.18181363815545962,0.18181363815545917,0.18273290271456638,0.18181363815545917,890.9905265748029,890.9905265748027,809.0987327755907,890.9905265748027,0.14473326051782606,0.14473326051782606,0.14553741961025776,0.14473326051782606
Kawung,0.731692182955586,0.7316921829555877,0.7463494612235627,0.7316921829555877,0.2558670790499008,0.25586707904990097,0.25991710707248467,0.25586707904990097,1812.7026328740174,1812.7026328740162,1713.0404158464573,1812.7026328740162,0.22667265205294762,0.22667265205294773,0.22704000073162098,0.22667265205294773
Kawung,0.6707534600419348,0.6707534600419341,0.7423503210579305,0.6707534600419341,0.22369110952370425,0.2236911095237042,0.2340236450610144,0.2236911095237042,755.0730191929138,755.073019192913,592.9672736220477,755.073019192913,0.1884396156427484,0.1884396156427485,0.19311957701354052,0.1884396156427485
Kawung,0.8217497823479332,0.8217497823479338,0.7476248083931709,0.8217497823479338,0.30147905676279285,0.3014790567627925,0.2874885090704888,0.3014790567627925,718.5844611220475,718.5844611220471,1017.1507135826772,718.5844611220471,0.2595620376620843,0.2595620376620843,0.25279239311918644,0.2595620376620843
Kawung,0.7573619226501421,0.7573619226501405,0.640583814435025,0.7573619226501405,0.2166053766848605,0.2166053766848607,0.20549435200151342,0.2166053766848607,1487.535740649605,1487.5357406496053,2190.4779773622054,1487.5357406496053,0.1810016815836474,0.18100168158364738,0.17422895406925412,0.18100168158364738
Kawung,0.7850052922788316,0.7850052922788311,0.7695228214143404,0.7850052922788311,0.20681420131610914,0.20681420131610942,0.2025522756980155,0.20681420131610942,818.1917445866139,818.191744586615,876.6498523622048,818.191744586615,0.16006345625933044,0.16006345625933027,0.15711974669950654,0.16006345625933027
Kawung,0.6848473522613125,0.684847352261312,0.7335702152067509,0.684847352261312,0.13487641740415107,0.13487641740415118,0.13582649930120788,0.13487641740415118,1504.5294045275587,1504.5294045275596,1273.775836614173,1504.5294045275596,0.09194947988335732,0.09194947988335725,0.09253162748564217,0.09194947988335725
Kawung,0.7127707027131477,0.7127707027131481,0.7125839464162737,0.7127707027131481,0.22378036149306654,0.2237803614930668,0.22071034812451915,0.2237803614930668,607.2178887795272,607.217888779527,607.8797367125982,607.217888779527,0.1787188009921876,0.17871880099218765,0.17891264946507493,0.17871880099218765
Kawung,0.7936882555493251,0.7936882555493245,0.7462417411671074,0.7936882555493245,0.11379075933690042,0.11379075933690033,0.10188744016132069,0.11379075933690033,638.086491141732,638.0864911417325,783.2797121062994,638.0864911417325,0.05190478500651747,0.05190478500651746,0.04779397545729549,0.05190478500651746
Kawung,0.7675176238104785,0.7675176238104778,0.6806174794341017,0.7675176238104778,0.23446838112698773,0.23446838112698778,0.22618102310239363,0.23446838112698778,533.9857283464567,533.9857283464574,732.4189222440946,533.9857283464574,0.1892667127053995,0.18926671270539938,0.18703235729961007,0.18926671270539938
Kawung,0.6667075437496803,0.6667075437496811,0.6884049394083633,0.6667075437496811,0.14188099433981838,0.14188099433981852,0.14144186944816026,0.14188099433981852,582.4630905511805,582.4630905511817,545.3092396653542,582.4630905511817,0.0894812477524441,0.08948124775244401,0.0904012376928997,0.08948124775244401
Kawung,0.7570792933914966,0.7570792933914974,0.6312235170290994,0.7570792933914974,0.13474151917711452,0.13474151917711472,0.12796502061260287,0.13474151917711472,1236.956139271653,1236.956139271653,1869.9064960629921,1236.956139271653,0.09026249121326782,0.0902624912132678,0.08756403183303547,0.0902624912132678
Kawung,0.8234217239756415,0.8234217239756424,0.766534987702236,0.8234217239756424,0.13548602287578113,0.1354860228757809,0.1268597791409881,0.1354860228757809,547.8173597440942,547.8173597440943,723.7731299212601,547.8173597440943,0.07228459008527205,0.07228459008527206,0.0707785665169572,0.07228459008527206
Kawung,0.7609588524765439,0.7609588524765436,0.713740529737932,0.7609588524765436,0.29443669771545444,0.2944366977154545,0.28911729464535935,0.2944366977154545,586.2118602362208,586.2118602362204,701.6405634842522,586.2118602362204,0.2567698419490695,0.25676984194906927,0.25584245039934944,0.25676984194906927
Kawung,0.7891677341903109,0.7891677341903107,0.7664454410106482,0.7891677341903107,0.28911465160103383,0.28911465160103367,0.28414346597201684,0.28911465160103367,837.130044291338,837.130044291338,926.821358267717,837.130044291338,0.24858517585252818,0.24858517585252826,0.24679874315314812,0.24858517585252826
Kawung,0.6503281020128766,0.650328102012876,0.7712009642393804,0.650328102012876,0.15454841756245064,0.1545484175624508,0.16631993788157032,0.1545484175624508,1792.994648129922,1792.9946481299207,1176.9010211614172,1792.9946481299207,0.11931181923389506,0.11931181923389504,0.12205704157239461,0.11931181923389504
Kawung,0.5882982636601879,0.5882982636601872,0.6618073953354096,0.5882982636601872,0.05313626296905238,0.05313626296905236,0.056488618197498786,0.05313626296905236,1154.12247785433,1154.122477854332,947.4101254921262,1154.122477854332,0.013925404544932738,0.013925404544932745,0.01416038538720887,0.013925404544932745
Kawung,0.8084028558794795,0.8084028558794789,0.7385587637138764,0.8084028558794789,0.29414926840760647,0.2941492684076065,0.281594913712503,0.2941492684076065,793.1422859251965,793.1422859251969,1081.33624507874,793.1422859251969,0.2552302100436086,0.2552302100436085,0.2483416881039369,0.2552302100436085
Kawung,0.7073131552250792,0.7073131552250802,0.77413038792276,0.7073131552250802,0.08850214176316072,0.08850214176316072,0.1011302749607979,0.08850214176316072,920.8409817913382,920.8409817913383,713.3685408464567,920.8409817913383,0.03843646499669853,0.03843646499669851,0.04355671181326317,0.03843646499669851
Kawung,0.7913934642060275,0.7913934642060281,0.7674332856964693,0.7913934642060281,0.20250848180137812,0.20250848180137826,0.1992064532884994,0.20250848180137826,789.844734251969,789.8447342519693,880.1218626968503,789.8447342519693,0.15594779621186222,0.15594779621186222,0.15397380672716318,0.15594779621186222
Kawung,0.7587638442668018,0.758763844266801,0.7261287219044581,0.758763844266801,0.2716203704222872,0.2716203704222875,0.26909307738014304,0.2716203704222875,1937.910125492126,1937.9101254921268,2196.956754429133,1937.9101254921268,0.2448351501477605,0.24483515014776047,0.24274187443268727,0.24483515014776047
Kawung,0.7534414544736688,0.7534414544736677,0.7697710560904363,0.7534414544736677,0.2567546730129566,0.25675467301295685,0.25957140852747385,0.25675467301295685,1803.2866633858268,1803.2866633858255,1685.3935162401576,1803.2866633858255,0.22997670423220362,0.22997670423220348,0.2306532623805195,0.22997670423220348
Kawung,0.7113844590611627,0.7113844590611623,0.6980035717212156,0.7113844590611623,0.3041181680675348,0.30411816806753456,0.30331814424317766,0.30411816806753456,918.168061023622,918.1680610236228,960.736466535433,918.1680610236228,0.2771870117900953,0.27718701179009536,0.27706436141311624,0.27718701179009536
Kawung,0.6519213547304299,0.6519213547304298,0.7332274095594272,0.6519213547304298,0.22036273659877,0.2203627365987702,0.2273976659058723,0.2203627365987702,922.9514640748034,922.9514640748032,708.0390009842516,922.9514640748032,0.18771885058100146,0.18771885058100155,0.18994927466723852,0.18771885058100155
Kawung,0.7355726476159338,0.7355726476159342,0.6219488671255147,0.7355726476159342,0.19913841552191128,0.19913841552191125,0.18957894507819817,0.19913841552191125,646.6400713582675,646.6400713582673,922.5938730314967,646.6400713582673,0.15642807622445187,0.15642807622445187,0.1540677352783905,0.15642807622445187
Kawung,0.5772595889895602,0.5772595889895606,0.5276197512834403,0.5772595889895606,0.06097344202745601,0.06097344202745603,0.0542618729579684,0.06097344202745603,624.8281250000005,624.8281250000001,696.0348794291339,624.8281250000001,0.015346915481803808,0.01534691548180381,0.014839965011511072,0.01534691548180381
Kawung,0.7133234548080842,0.7133234548080836,0.7760205047086499,0.7133234548080836,0.2269716034906824,0.22697160349068232,0.2330040283738179,0.22697160349068232,2140.7368356299216,2140.736835629921,1676.0396161417325,2140.736835629921,0.19986554577168453,0.1998655457716845,0.20196700276131055,0.1998655457716845
Kawung,0.5992672271379992,0.599267227137998,0.6637306770693817,0.599267227137998,0.11498252755378362,0.1149825275537836,0.12058924053955782,0.1149825275537836,789.327140748031,789.3271407480321,664.038016732284,789.3271407480321,0.07289873101720455,0.07289873101720447,0.07403680313706033,0.07289873101720447
Kawung,0.7338752784807383,0.7338752784807372,0.8133916984291905,0.7338752784807372,0.20063289885778696,0.20063289885778682,0.21672047746204579,0.20063289885778682,1047.4068036417323,1047.406803641732,735.9045275590552,1047.406803641732,0.16172149699680707,0.16172149699680707,0.1659964817854062,0.16172149699680707
Kawung,0.7185956342256213,0.7185956342256223,0.7046359339654931,0.7185956342256223,0.20399502229120195,0.20399502229120187,0.20269112924559204,0.20399502229120187,1954.3916092519687,1954.3916092519694,2051.343626968504,1954.3916092519694,0.17298033647580954,0.1729803364758094,0.172610382818234,0.1729803364758094
Kawung,0.7090142545171121,0.7090142545171118,0.7350838964410726,0.7090142545171118,0.08123515812674159,0.08123515812674155,0.08697857432216513,0.08123515812674155,893.3695250984256,893.3695250984252,814.9552165354332,893.3695250984252,0.028848328022373023,0.02884832802237303,0.030852585478646444,0.02884832802237303
Kawung,0.8443725971856727,0.8443725971856733,0.7374367636032833,0.8443725971856733,0.24614450887222358,0.2461445088722237,0.22553314939383573,0.2461445088722237,682.4116018700787,682.411601870078,1150.021099901574,682.411601870078,0.19645506563635756,0.19645506563635756,0.18580941414851448,0.19645506563635756
Kawung,0.7120501744196353,0.7120501744196349,0.5865239822502165,0.7120501744196349,0.14733997774209792,0.14733997774209778,0.13534023885413796,0.14733997774209778,640.106483759843,640.1064837598427,915.585260826771,640.1064837598427,0.09960206991513289,0.09960206991513286,0.09617455542095496,0.09960206991513286
Kawung,0.5766700922124279,0.5766700922124289,0.6207091602006047,0.5766700922124289,0.10759001114384559,0.10759001114384559,0.10998687420848519,0.10759001114384559,855.9954478346464,855.9954478346452,769.1731668307084,855.9954478346452,0.06361061498456402,0.06361061498456405,0.06561951478955375,0.06361061498456405
Kawung,0.7040615510951103,0.7040615510951107,0.6569327287530032,0.7040615510951107,0.20997334483020147,0.20997334483020166,0.20964086815135438,0.20997334483020166,770.22594734252,770.2259473425196,892.2749138779534,770.2259473425196,0.17337547613079599,0.17337547613079593,0.1724450897716045,0.17337547613079593
Kawung,0.7504596007538407,0.7504596007538419,0.7040587977089277,0.7504596007538419,0.11996673365735509,0.11996673365735494,0.11519577455281467,0.11996673365735494,1107.6951894685049,1107.695189468503,1311.7593503937014,1107.695189468503,0.07523443887673949,0.07523443887673946,0.07458428663687573,0.07523443887673946
Kawung,0.8357519658603707,0.8357519658603705,0.750426716457724,0.8357519658603705,0.1664337204466498,0.16643372044664967,0.14685143857328328,0.16643372044664967,604.131090059055,604.1310900590552,916.8751845472439,604.1310900590552,0.10554632478009154,0.10554632478009167,0.09877770444249631,0.10554632478009167
Kawung,0.7806037319319361,0.7806037319319358,0.7211153216090739,0.7806037319319358,0.24312448409797238,0.2431244840979725,0.2394221277440738,0.2431244840979725,1487.0391855314974,1487.0391855314956,1888.395361712599,1487.0391855314956,0.21309808068928948,0.2130980806892895,0.21118502338132766,0.2130980806892895
Kawung,0.7986521729878427,0.7986521729878427,0.7728559844073806,0.7986521729878427,0.29503262567169314,0.29503262567169297,0.2920111841264797,0.29503262567169297,976.9384842519684,976.9384842519682,1102.2408341535422,976.9384842519682,0.2582350946010604,0.2582350946010606,0.25546412535265683,0.2582350946010606
Kawung,0.7463989300890385,0.7463989300890392,0.5866052478321062,0.7463989300890392,0.18806948102974635,0.18806948102974605,0.17720250329542622,0.18806948102974605,656.3925319881891,656.3925319881888,1066.7480930118109,656.3925319881888,0.14666825061340039,0.14666825061340036,0.1430016360077358,0.14666825061340036
Kawung,0.7415584537908148,0.7415584537908144,0.6764811490866466,0.7415584537908144,0.1345064391159591,0.1345064391159591,0.12934528560866088,0.1345064391159591,1350.352546751968,1350.3525467519687,1685.8914862204717,1350.3525467519687,0.09421212625915687,0.09421212625915694,0.09327422538335739,0.09421212625915694
Kawung,0.776464263353581,0.7764642633535807,0.7829155151769576,0.7764642633535807,0.3570532587313948,0.3570532587313956,0.3558656961528933,0.3570532587313956,1049.8200049212594,1049.8200049212596,1019.2722687007879,1049.8200049212596,0.32568743476251627,0.32568743476251655,0.32538555905954525,0.32568743476251655
Kawung,0.7034071933916364,0.7034071933916357,0.7550009664481467,0.7034071933916357,0.11898735973660146,0.11898735973660143,0.12406574169168898,0.11898735973660143,1448.8239419291347,1448.8239419291347,1198.438668799214,1448.8239419291347,0.08003815843929854,0.0800381584392985,0.0805665624794461,0.0800381584392985
Kawung,0.7249741931032446,0.7249741931032443,0.6568164150544321,0.7249741931032443,0.17219708035910689,0.17219708035910702,0.16729184386455878,0.17219708035910702,1627.4523252952754,1627.4523252952756,2024.0744340551166,1627.4523252952756,0.13591884690490721,0.13591884690490733,0.13352253497439232,0.13591884690490733
Kawung,0.6594623404131263,0.6594623404131263,0.7246018142351347,0.6594623404131263,0.24474262449544057,0.2447426244954407,0.2506960373778192,0.2447426244954407,944.3145915354328,944.3145915354332,764.5678518700782,944.3145915354332,0.21386004435575726,0.21386004435575726,0.21608106801006033,0.21386004435575726
Kawung,0.7897217134558364,0.7897217134558359,0.7465764001319645,0.7897217134558359,0.2661658249018946,0.2661658249018943,0.25287686025012635,0.2661658249018943,953.8078863188971,953.8078863188974,1148.2265009842513,953.8078863188974,0.22368650291194364,0.22368650291194367,0.21711918562360277,0.22368650291194367
Parang,0.8782089698274493,0.878208969827449,0.7223728462812206,0.878208969827449,0.2990659516332804,0.29906595163328065,0.2698202473789312,0.29906595163328065,1525.7198572834648,1525.7198572834634,3477.934793307086,1525.7198572834634,0.2519285816194771,0.25192858161947707,0.2518821478215273,0.25192858161947707
Parang,0.8138417213036164,0.8138417213036174,0.7319306857668142,0.8138417213036174,0.18486847580758844,0.18486847580758894,0.1783522390430185,0.18486847580758894,1780.9786540354326,1780.978654035432,2584.3246186023607,1780.978654035432,0.14797758634454444,0.14797758634454436,0.15258566827976225,0.14797758634454436
Parang,0.7466818084633079,0.746681808463307,0.42129624858310627,0.746681808463307,0.07300295936214038,0.07300295936214038,0.040659727230810086,0.07300295936214038,929.1231545275593,929.1231545275587,2152.3944389763774,929.1231545275587,0.014648500065095682,0.014648500065095679,0.013272298849896289,0.014648500065095679
Parang,0.8011283584415253,0.8011283584415251,0.6379304189105417,0.8011283584415251,0.14057598757760476,0.14057598757760473,0.12179182049418126,0.14057598757760473,1512.5771407480302,1512.577140748031,2782.2561515748034,1512.577140748031,0.09249334076893677,0.09249334076893669,0.09659766810089893,0.09249334076893669
Parang,0.6990297269452295,0.69902972694523,0.8609678782804973,0.69902972694523,0.24028816984592472,0.24028816984592474,0.25934475390381473,0.24028816984592474,3606.2565821850376,3606.2565821850376,1665.9235974409448,3606.2565821850376,0.21993073208361535,0.21993073208361522,0.21997222968856167,0.21993073208361522
Parang,0.8390198093800261,0.8390198093800264,0.7104600073958964,0.8390198093800264,0.20102961465807825,0.2010296146580783,0.18792589421737105,0.2010296146580783,1669.9032357283465,1669.9032357283463,2990.030081200787,1669.9032357283463,0.16856657477139853,0.16856657477139855,0.16539691481123733,0.16856657477139855
Parang,0.8563919051002105,0.8563919051002099,0.6047279654244466,0.8563919051002099,0.09269364323717025,0.09269364323717025,0.07308416972585584,0.09269364323717025,906.089628444882,906.0896284448819,2471.8023499015753,906.0896284448819,0.03308346440089984,0.03308346440089982,0.027285268259112393,0.03308346440089982
Parang,0.8302852660260494,0.8302852660260492,0.8286869115837009,0.8302852660260492,0.155008064936379,0.15500806493637914,0.14831438199120478,0.15500806493637914,2610.710076279527,2610.710076279528,2635.739603838583,2610.710076279528,0.114914414035939,0.11491441403593904,0.1151391095637727,0.11491441403593904
Parang,0.7192629991158258,0.7192629991158248,0.8815842514381622,0.7192629991158248,0.18797889454400668,0.1879788945440067,0.21354663880279104,0.1879788945440067,4848.636380413384,4848.636380413384,2054.220103346457,4848.636380413384,0.15847588580461217,0.1584758858046123,0.16590305703861527,0.1584758858046123
Parang,0.731267626478647,0.7312676264786462,0.8384505601110797,0.7312676264786462,0.215852178310792,0.2158521783107919,0.22788159049023116,0.2158521783107919,2975.99723179134,2975.997231791339,1796.9530019685033,2975.997231791339,0.19420080301777187,0.1942008030177719,0.19766002532043322,0.1942008030177719
Parang,0.6531653267021574,0.6531653267021574,0.47461197890859164,0.6531653267021574,0.09339295813590012,0.09339295813590008,0.08151776834956893,0.09339295813590008,4055.371370570866,4055.3713705708637,6142.114726870079,4055.3713705708637,0.06544818831747826,0.06544818831747821,0.06438950641337231,0.06544818831747821
Parang,0.8842875753157565,0.8842875753157563,0.8037281048361443,0.8842875753157563,0.23845415064587433,0.23845415064587416,0.21366484219527854,0.23845415064587416,2143.8502706692902,2143.8502706692925,3632.5110113188975,2143.8502706692925,0.17507230585442973,0.17507230585442987,0.17253328331621673,0.17507230585442987
Parang,0.7717668606282654,0.7717668606282658,0.47187307348706203,0.7717668606282658,0.21238569796236056,0.2123856979623608,0.16836888325397917,0.2123856979623608,3359.5011072834645,3359.5011072834654,7693.021038385831,3359.5011072834654,0.17003110773192584,0.17003110773192584,0.1540664580573513,0.17003110773192584
Parang,0.5297050675096715,0.5297050675096715,0.6255641111619649,0.5297050675096715,0.11890767627759513,0.1189076762775951,0.12674397354406372,0.1189076762775951,6135.680856299208,6135.680856299211,4910.554441437008,6135.680856299211,0.10020286582483487,0.10020286582483487,0.10489609365182366,0.10020286582483487
Parang,0.8349559770795354,0.8349559770795358,0.7525495604704534,0.8349559770795358,0.22595429244859835,0.2259542924485985,0.2176412575486803,0.2259542924485985,1844.9098794291338,1844.9098794291358,2755.8711860236217,1844.9098794291358,0.19789477506129088,0.19789477506129094,0.19462978009187568,0.19789477506129094
Parang,0.8160842917740898,0.8160842917740886,0.7824614885979296,0.8160842917740886,0.2610651765647299,0.26106517656472983,0.25588812954788087,0.26106517656472983,2291.102300688976,2291.1023006889754,2703.506028543307,2291.1023006889754,0.23646387891081952,0.23646387891081957,0.23400325339828634,0.23646387891081957
Parang,0.7347412025872709,0.7347412025872708,0.8324610546909127,0.7347412025872708,0.18149496427622847,0.18149496427622866,0.20025594123346646,0.18149496427622866,2115.752706692912,2115.7527066929133,1334.7936146653528,2115.7527066929133,0.14871978847870568,0.1487197884787056,0.14935035486324005,0.1487197884787056
Parang,0.6519255451494914,0.6519255451494913,0.5495399082849324,0.6519255451494913,0.15271279065573712,0.15271279065573726,0.14379332556502816,0.15271279065573726,4793.0268823818915,4793.026882381892,6194.761195866141,4793.026882381892,0.12956863860989068,0.12956863860989065,0.12803060288034612,0.12956863860989065
Parang,0.8524484926940336,0.8524484926940339,0.8291980851804078,0.8524484926940339,0.18495650194487256,0.1849565019448724,0.1750242186076034,0.1849565019448724,2472.895669291339,2472.895669291339,2867.3542076771673,2472.895669291339,0.12773569921333972,0.1277356992133398,0.1288208210715993,0.1277356992133398
Parang,0.8584392433703191,0.85843924337032,0.7649016768964099,0.85843924337032,0.3078197982242731,0.30781979822427324,0.2877682352443243,0.30781979822427324,2752.486343503936,2752.4863435039388,4571.216904527555,2752.4863435039388,0.25678202970665887,0.256782029706659,0.2555602731833103,0.256782029706659
Parang,0.735162201778684,0.7351622017786847,0.7486249519811305,0.7351622017786847,0.14125932133517247,0.14125932133517233,0.1445030746175198,0.14125932133517233,1806.24532480315,1806.2453248031507,1720.3054256889761,1806.2453248031507,0.11714048995606985,0.11714048995606985,0.12050223771982325,0.11714048995606985
Parang,0.7994774237209673,0.7994774237209665,0.8507526883516301,0.7994774237209665,0.2859460427866424,0.28594604278664243,0.28716639256671833,0.28594604278664243,3915.6859005905526,3915.685900590551,2917.3573449803166,3915.685900590551,0.2507741963455146,0.2507741963455149,0.2529656361853284,0.2507741963455149
Parang,0.6546433042520604,0.6546433042520594,0.8369785282760994,0.6546433042520594,0.19832146375782483,0.19832146375782528,0.21085099239982216,0.19832146375782528,2723.750984251969,2723.7509842519694,1282.6704601377949,2723.7509842519694,0.18105837226647056,0.18105837226647076,0.1775337454149795,0.18105837226647076
Parang,0.6756536213996002,0.6756536213996013,0.8544984418551593,0.6756536213996013,0.24822032914860145,0.24822032914860157,0.27216305077390873,0.24822032914860157,3061.5173474409426,3061.5173474409453,1375.4536171259845,3061.5173474409453,0.2235131172618334,0.2235131172618333,0.22661214309803906,0.2235131172618333
Parang,0.8637136543285295,0.8637136543285294,0.837345072026674,0.8637136543285294,0.2729626688272252,0.2729626688272251,0.2611297173592467,0.2729626688272251,2699.67716535433,2699.67716535433,3221.5499507874024,2699.67716535433,0.22193690075395914,0.22193690075395908,0.22063193972237022,0.22193690075395908
Parang,0.74543740271859,0.74543740271859,0.7766508012658312,0.74543740271859,0.13514778109925202,0.1351477810992521,0.13704117747082542,0.1351477810992521,1567.1976500984251,1567.197650098427,1374.1648006889757,1567.197650098427,0.10894312192760311,0.10894312192760315,0.10808875353058135,0.10894312192760315
Parang,0.6228812562963867,0.6228812562963856,0.6291004486502444,0.6228812562963856,0.18381874378158414,0.18381874378158428,0.18228121842373854,0.18381874378158428,5446.784202755904,5446.784202755907,5352.25824311024,5446.784202755907,0.16629683135832468,0.16629683135832476,0.16493307032576987,0.16629683135832476
Parang,0.8466077973848289,0.8466077973848285,0.7685745553649354,0.8466077973848285,0.2681344852777577,0.2681344852777577,0.25832465088704176,0.2681344852777577,2923.339074803148,2923.3390748031497,4410.491756889763,2923.3390748031497,0.2199068484859276,0.21990684848592745,0.21969577542478755,0.21990684848592745
Parang,0.7130358291292335,0.7130358291292341,0.7423552853352672,0.7130358291292341,0.0901419525233461,0.09014195252334614,0.09168240426620643,0.09014195252334614,1664.309116633859,1664.309116633857,1491.3959768700781,1664.309116633857,0.06376047191821174,0.06376047191821185,0.062343532346067716,0.06376047191821185
Parang,0.8049899097493575,0.8049899097493568,0.878676699995268,0.8049899097493568,0.3069475261514115,0.3069475261514111,0.35155814030929877,0.3069475261514111,4122.224655511809,4122.224655511811,2564.5949803149606,4122.224655511811,0.2627421351263733,0.2627421351263732,0.2663447904440274,0.2627421351263732
Parang,0.8708316732339445,0.8708316732339456,0.5847507933435901,0.8708316732339456,0.11372311737954724,0.1137231173795471,0.0796149061185696,0.1137231173795471,893.5120570866138,893.5120570866142,2832.005474901574,893.5120570866142,0.04855163295068847,0.04855163295068852,0.03838572818859739,0.04855163295068852
Parang,0.7625985661058167,0.7625985661058156,0.7646709793375991,0.7625985661058156,0.19226352075789893,0.192263520757899,0.19298865637153348,0.192263520757899,1735.9705339566915,1735.970533956694,1719.7412647637796,1735.970533956694,0.16977441527008094,0.1697744152700809,0.16879123150366007,0.1697744152700809
Parang,0.8327734637493767,0.8327734637493773,0.8482115547500206,0.8327734637493773,0.11668400859852646,0.11668400859852644,0.1193738729820691,0.11668400859852644,2273.094426673228,2273.0944266732286,2058.7650098425206,2273.0944266732286,0.06504544996716145,0.06504544996716151,0.06381742253306963,0.06504544996716151
Parang,0.6914880916731496,0.6914880916731486,0.7169695788181467,0.6914880916731486,0.08280433493581489,0.08280433493581492,0.08694691658935212,0.08280433493581492,1761.67716535433,1761.677165354331,1619.142531988189,1761.677165354331,0.048530584182144475,0.048530584182144496,0.048924785846049944,0.048530584182144496
Parang,0.7617587048841573,0.7617587048841581,0.7763461236849724,0.7617587048841581,0.16836448180642402,0.168364481806424,0.1563264898533224,0.168364481806424,1841.6764271653537,1841.6764271653544,1724.979084645669,1841.6764271653544,0.12219384506133951,0.12219384506133951,0.11926312403264522,0.12219384506133951
Parang,0.6631697395183633,0.6631697395183638,0.6439053687506343,0.6631697395183638,0.23216205048430202,0.23216205048430175,0.22826159514580266,0.23216205048430175,5148.40378937008,5148.40378937008,5432.410002460629,5148.40378937008,0.215352936900125,0.2153529369001249,0.2124205496254609,0.2153529369001249
Parang,0.5600540054730075,0.5600540054730072,0.7200934651881417,0.5600540054730072,0.20451587963225043,0.2045158796322508,0.21426782432552327,0.2045158796322508,6463.825787401574,6463.825787401573,4116.86060531496,6463.825787401573,0.19103222061930675,0.19103222061930702,0.19264406643560955,0.19103222061930702
Parang,0.810426117439047,0.8104261174390471,0.8378108604085894,0.8104261174390471,0.18568688772303465,0.18568688772303454,0.2023458830990931,0.18568688772303454,3319.006951279527,3319.0069512795285,2813.7071850393686,3319.0069512795285,0.13242556102838837,0.13242556102838834,0.12526503596064203,0.13242556102838834
Parang,0.785780316223124,0.785780316223124,0.7742272587779232,0.785780316223124,0.1807163396191807,0.18071633961918065,0.17552713316271215,0.18071633961918065,1889.717519685039,1889.7175196850387,1995.2526451771644,1889.7175196850387,0.14686224902207365,0.14686224902207373,0.14770442230200045,0.14686224902207373
Parang,0.7274804008916709,0.7274804008916714,0.8193059368208601,0.7274804008916714,0.24579811411068953,0.24579811411068933,0.2544560026591408,0.24579811411068933,2603.082123523623,2603.0821235236235,1723.6166953740167,2603.0821235236235,0.21585424560178038,0.21585424560178043,0.21292456805075982,0.21585424560178043
Parang,0.4039487307891196,0.4039487307891205,0.8970418019261591,0.4039487307891205,0.07312543016296733,0.07312543016296738,0.1466220089614154,0.07312543016296738,3750.814222440944,3750.814222440942,678.1353961614175,3750.814222440942,0.05057814178915377,0.05057814178915379,0.06603136039957548,0.05057814178915379
Parang,0.8488666950922297,0.8488666950922313,0.809977900366188,0.8488666950922313,0.2404731114251886,0.24047311142518854,0.22892597776466103,0.24047311142518854,2721.812992125984,2721.8129921259847,3424.922920767718,2721.8129921259847,0.19800303457628868,0.19800303457628873,0.19887045226594227,0.19800303457628873
Parang,0.7585964162079677,0.7585964162079666,0.7733012296367113,0.7585964162079666,0.2550244301592483,0.25502443015924803,0.25919623155163324,0.25502443015924803,1746.5708661417325,1746.5708661417327,1641.9008981299203,1746.5708661417327,0.23637288300575293,0.23637288300575313,0.23815804173448035,0.23637288300575313
Parang,0.8376823870594503,0.8376823870594505,0.8243317799954288,0.8376823870594505,0.12971972172337934,0.12971972172337928,0.12349084142608528,0.12971972172337928,2346.676304133859,2346.6763041338595,2545.412093996065,2346.6763041338595,0.08247640039606101,0.08247640039606102,0.08430342192644914,0.08247640039606102
Parang,0.3335162141629522,0.33351621416295213,0.8135624149421452,0.33351621416295213,0.03691702576158811,0.03691702576158815,0.08090787733897593,0.03691702576158815,2531.0244217519676,2531.0244217519676,715.0649606299214,2531.0244217519676,0.012793500974756063,0.012793500974756058,0.015882980174564788,0.012793500974756058
Parang,0.589878223296017,0.5898782232960167,0.6767431260352054,0.5898782232960167,0.20759765298806046,0.20759765298806077,0.21750847041221974,0.20759765298806077,6166.6948203740185,6166.694820374014,4857.545152559053,6166.694820374014,0.19312594529892962,0.19312594529892949,0.19264844686724988,0.19312594529892949
Parang,0.620927501274205,0.6209275012742047,0.8486313868486619,0.6209275012742047,0.11346708516814193,0.11346708516814175,0.13008437104673504,0.11346708516814175,2941.8812746063004,2941.8812746063,1183.5906742125974,2941.8812746063,0.0707716691754782,0.07077166917547814,0.07735076359280908,0.07077166917547814
Parang,0.8866549856012254,0.8866549856012255,0.7202386408085959,0.8866549856012255,0.08190528405547286,0.08190528405547283,0.04921276187417384,0.08190528405547283,1354.6011934055118,1354.6011934055116,3326.4939099409457,1354.6011934055116,0.018792834491269703,0.0187928344912697,0.013579244331119946,0.0187928344912697
Parang,0.6833503992281316,0.6833503992281302,0.8026791907608141,0.6833503992281302,0.13059274777970098,0.1305927477797007,0.13955864373178326,0.1305927477797007,2385.9987696850403,2385.99876968504,1487.1147268700777,2385.99876968504,0.10201540633031544,0.10201540633031546,0.10208704730912761,0.10201540633031546
Parang,0.7670357369405402,0.7670357369405401,0.8501397928372426,0.7670357369405401,0.31512710535778615,0.31512710535778654,0.32386369940397697,0.31512710535778654,3125.2719611220477,3125.271961122047,2009.960568405511,3125.271961122047,0.2993968992017381,0.29939689920173823,0.29910586271791456,0.29939689920173823
Parang,0.47401209147284185,0.47401209147284223,0.5920875301874999,0.47401209147284223,0.08261777898646297,0.082617778986463,0.09577218951605757,0.082617778986463,6106.345595472443,6106.3455954724395,4714.902436023621,6106.3455954724395,0.06435047113644086,0.0643504711364408,0.0626561977091162,0.0643504711364408
Parang,0.8443858831101545,0.8443858831101543,0.8280700451132446,0.8443858831101543,0.11394546421433671,0.11394546421433682,0.1160794001281534,0.11394546421433682,2199.159694881889,2199.1596948818906,2434.868048720473,2199.1596948818906,0.059796091685265396,0.05979609168526541,0.06184177874244848,0.05979609168526541
Parang,0.823005120809604,0.823005120809603,0.6877501425942358,0.823005120809603,0.27471982282374635,0.2747198228237461,0.26488406750925464,0.2747198228237461,1457.958784448819,1457.9587844488192,2572.0937499999964,1457.9587844488192,0.24916066602125017,0.2491606660212502,0.24939393163206788,0.2491606660212502
Parang,0.6320674675500793,0.6320674675500793,0.7016940397684045,0.6320674675500793,0.2409299375974302,0.24092993759743023,0.24703068494941513,0.24092993759743023,5707.114419291337,5707.11441929134,4635.399175688973,5707.11441929134,0.22714759722796274,0.22714759722796268,0.22955967781492984,0.22714759722796268
Parang,0.7731029357822472,0.7731029357822469,0.8006832423796687,0.7731029357822469,0.22088880255182658,0.22088880255182627,0.22953330843125688,0.22088880255182627,2176.158218503936,2176.1582185039356,1907.0364788385832,2176.1582185039356,0.1884710408781616,0.18847104087816166,0.18592267546919342,0.18847104087816166
Parang,0.87920690946834,0.8792069094683392,0.7936455637540212,0.8792069094683392,0.23652744860940117,0.23652744860940111,0.21639017640765268,0.23652744860940111,2266.437253937008,2266.4372539370074,3861.7613188976375,2266.4372539370074,0.1778978638579502,0.17789786385795026,0.17294548385744862,0.17789786385795026
Parang,0.7790291585287187,0.7790291585287166,0.7500603382925551,0.7790291585287166,0.14893979640963143,0.14893979640963154,0.14869708061032358,0.14893979640963154,1273.2447711614184,1273.2447711614177,1441.2703001968498,1273.2447711614177,0.12084492745725485,0.12084492745725488,0.12144841492467573,0.12084492745725488
Parang,0.7305374218489491,0.7305374218489498,0.7886168351159785,0.7305374218489498,0.29809639272151495,0.29809639272151417,0.3031295517818066,0.29809639272151417,2259.2283464566935,2259.228346456694,1772.4999999999989,2259.228346456694,0.283695837479129,0.28369583747912896,0.2843777023792401,0.28369583747912896
Parang,0.8326430092133328,0.8326430092133313,0.8364319737645878,0.8326430092133313,0.16270891069156018,0.16270891069156004,0.1575873356232605,0.16270891069156004,2645.7445250984256,2645.744525098424,2587.6393946850403,2645.744525098424,0.12097155920059786,0.12097155920059784,0.12155592752527851,0.12097155920059784
Parang,0.839147129950822,0.8391471299508214,0.7076521106955385,0.8391471299508214,0.2714887830360773,0.27148878303607776,0.249623043676848,0.27148878303607776,1482.8572834645663,1482.8572834645652,2689.0029527559045,1482.8572834645652,0.22608584867226034,0.22608584867226045,0.22339775697380684,0.22608584867226045
Parang,0.8328699598143429,0.832869959814342,0.611016878721698,0.832869959814342,0.10737408021424798,0.10737408021424794,0.09035380869848952,0.10737408021424794,955.1612942913392,955.1612942913383,2207.6993110236212,955.1612942913383,0.07235747860097594,0.07235747860097591,0.06768460096160951,0.07235747860097591
Parang,0.8186305555391873,0.818630555539189,0.7308573521411393,0.818630555539189,0.19457542027100105,0.19457542027100144,0.19878200155069786,0.19457542027100144,1608.667999507873,1608.6679995078741,2381.180302657481,1608.6679995078741,0.15933816132443743,0.1593381613244374,0.1571588795184628,0.1593381613244374
Parang,0.8546244154379875,0.8546244154379874,0.818471618051984,0.8546244154379874,0.17648257260399752,0.17648257260399774,0.17117408924425095,0.17648257260399774,2449.958353838584,2449.958353838583,3063.411601870075,2449.958353838583,0.12009474831173769,0.12009474831173768,0.12119954384190954,0.12009474831173768
Parang,0.8617033978063836,0.8617033978063837,0.8047485959532787,0.8617033978063837,0.20505205983322963,0.20505205983322905,0.19062984699387614,0.20505205983322905,2372.530450295277,2372.5304502952754,3348.833353838583,2372.5304502952754,0.1612182585348121,0.16121825853481203,0.16055480604810496,0.16121825853481203
Parang,0.7400485291919393,0.7400485291919378,0.8595232960802394,0.7400485291919378,0.1864913057247931,0.18649130572479328,0.24590069879682233,0.18649130572479328,4719.798228346454,4719.798228346457,2549.4708415354326,4719.798228346457,0.136847004496818,0.136847004496818,0.1461119063654751,0.136847004496818
Parang,0.738173332826031,0.7381733328260307,0.8095191471517641,0.7381733328260307,0.135089474354394,0.13508947435439378,0.14276131013768978,0.13508947435439378,1973.8736466535433,1973.873646653544,1430.2607652559054,1973.873646653544,0.09368280912105724,0.0936828091210572,0.09020100932357149,0.0936828091210572
Parang,0.6937664731354392,0.69376647313544,0.6791308503773529,0.69376647313544,0.2541329967109556,0.2541329967109555,0.2536112843308616,0.2541329967109555,4851.419660433072,4851.41966043307,5086.282910925196,4851.41966043307,0.23767981514288855,0.23767981514288866,0.23882173856640415,0.23767981514288866
Parang,0.7966619189464872,0.7966619189464869,0.7318047286896816,0.7966619189464869,0.2010092745668128,0.2010092745668127,0.1943836790890595,0.2010092745668127,1376.6435777559059,1376.6435777559038,1808.172305610236,1376.6435777559038,0.17684432720179943,0.1768443272017994,0.17094421717978686,0.1768443272017994
Parang,0.7724314831198947,0.7724314831198947,0.8443766830910562,0.7724314831198947,0.32488425652419006,0.3248842565241901,0.3324420613459416,0.3248842565241901,2925.4191683070876,2925.4191683070853,2000.0689591535431,2925.4191683070853,0.3081248965026912,0.30812489650269126,0.30807136976465693,0.30812489650269126
Parang,0.732437015878625,0.7324370158786251,0.8470600636293367,0.7324370158786251,0.17023415967080133,0.1702341596708015,0.1887605744080735,0.1702341596708015,4676.789247047241,4676.789247047244,2675.7475393700784,4676.789247047244,0.13460947333559498,0.1346094733355948,0.13733712789185143,0.1346094733355948
Parang,0.7710129185687574,0.771012918568757,0.7894067543389521,0.771012918568757,0.09531275741511483,0.09531275741511488,0.07748749378563055,0.09531275741511488,1320.4267347440943,1320.4267347440948,1214.5879675196854,1320.4267347440948,0.030232346053711567,0.030232346053711577,0.02969688266437327,0.030232346053711577
Parang,0.8893902071123694,0.8893902071123686,0.7622618181016257,0.8893902071123686,0.26853883277238827,0.26853883277238855,0.23196999880791705,0.26853883277238855,2150.5567790354344,2150.5567790354326,4610.527559055119,2150.5567790354326,0.20433424074898426,0.2043342407489842,0.19872519346716278,0.2043342407489842
Parang,0.893998858997785,0.8939988589977852,0.706644648630314,0.8939988589977852,0.15583384283327995,0.15583384283327997,0.09917311388209148,0.15583384283327997,1590.7800196850392,1590.7800196850394,4378.052718996062,1590.7800196850394,0.0728972256060399,0.07289722560603994,0.060567619534631134,0.07289722560603994
Parang,0.827275385903907,0.8272753859039083,0.8179464854550871,0.8272753859039083,0.27423584247368266,0.27423584247368255,0.27769839399477014,0.27423584247368255,3362.2621186023644,3362.262118602364,3541.609990157478,3362.262118602364,0.24320034507293956,0.24320034507293958,0.2414310750297842,0.24320034507293958
Parang,0.7753028580582113,0.7753028580582102,0.8186731375893757,0.7753028580582102,0.22970561239818388,0.22970561239818368,0.23349661510863381,0.22970561239818368,2379.2725762795267,2379.272576279528,1925.9923105314954,2379.272576279528,0.20200492220339328,0.2020049222033932,0.20452867805844555,0.2020049222033932
Parang,0.5484122182098207,0.5484122182098212,0.4653144985714,0.5484122182098212,0.04141182949478255,0.04141182949478256,0.033898776683025496,0.04141182949478256,4024.318713090551,4024.31871309055,4795.265071358269,4024.31871309055,0.014550782692562584,0.014550782692562592,0.013562792577786472,0.014550782692562592
Parang,0.8396187585314936,0.8396187585314936,0.8098670363455441,0.8396187585314936,0.10552131991882444,0.10552131991882432,0.09529564888742341,0.10552131991882432,2254.364542322835,2254.364542322835,2674.3040108267724,2254.364542322835,0.056723390732394234,0.05672339073239427,0.057146904890542756,0.05672339073239427
Parang,0.8886282993949085,0.8886282993949075,0.7548906361787201,0.8886282993949075,0.10291169966579444,0.10291169966579448,0.05548264991243003,0.10291169966579448,1409.190514271654,1409.1905142716537,3101.503937007875,1409.1905142716537,0.024755942609066387,0.02475594260906639,0.01612909597876921,0.02475594260906639
Parang,0.7502100114099929,0.7502100114099937,0.8131794982260232,0.7502100114099937,0.22323754632267948,0.22323754632267942,0.24365291726984264,0.22323754632267942,2141.6363188976397,2141.636318897637,1603.7501845472443,2141.636318897637,0.19270188797053914,0.1927018879705389,0.1963813733063248,0.1927018879705389
Parang,0.42567083866666644,0.42567083866666644,0.8119753016398943,0.42567083866666644,0.03860616391432034,0.038606163914320334,0.08007501269442653,0.038606163914320334,2008.6290600393702,2008.6290600393706,657.0978100393703,2008.6290600393706,0.011919459985022498,0.011919459985022498,0.014749418868745775,0.011919459985022498
Parang,0.6809699453874305,0.6809699453874305,0.8789082942028942,0.6809699453874305,0.23329760223670415,0.23329760223670395,0.25833598184421014,0.23329760223670395,3670.459153543309,3670.4591535433105,1399.0989173228347,3670.4591535433105,0.21561256521893812,0.2156125652189381,0.21965922163384058,0.2156125652189381
Parang,0.6905654719353544,0.6905654719353547,0.8834878012824305,0.6905654719353547,0.047451436032828836,0.04745143603282881,0.09048504900043959,0.04745143603282881,3942.630413385826,3942.630413385825,1493.7789739173227,3942.630413385825,0.016288552326215906,0.016288552326215896,0.021578440747337023,0.016288552326215896
Parang,0.8292389808740285,0.8292389808740289,0.6449205791887399,0.8292389808740289,0.11465366135454996,0.11465366135454985,0.09764600487937887,0.11465366135454985,935.1726747047232,935.172674704724,1933.4086491141727,935.172674704724,0.07791702275558043,0.0779170227555804,0.0735560650640597,0.0779170227555804
Parang,0.8340720399036969,0.8340720399036968,0.8042254850938747,0.8340720399036968,0.1850330648454457,0.1850330648454455,0.17877723447108995,0.1850330648454455,2803.3593749999986,2803.359375,3311.4122785433083,2803.359375,0.14490397127341295,0.14490397127341298,0.146161494994213,0.14490397127341298
Parang,0.6502269319845646,0.6502269319845648,0.5994453793943646,0.6502269319845648,0.09364760757361708,0.09364760757361701,0.09321942241292222,0.09364760757361701,3807.165415846456,3807.1654158464585,4360.017347440947,3807.1654158464585,0.07345547021095308,0.07345547021095312,0.07337227505979525,0.07345547021095312
Parang,0.8868025034293682,0.8868025034293701,0.5906612868113423,0.8868025034293701,0.20319362808795102,0.2031936280879509,0.17862671012669662,0.2031936280879509,795.3135457677168,795.3135457677167,2865.740403543308,795.3135457677167,0.16557573529281877,0.16557573529281866,0.16104540865417744,0.16557573529281866
Parang,0.5351110522963162,0.5351110522963164,0.7315682349519517,0.5351110522963164,0.1223267957562303,0.12232679575623037,0.13159222239018664,0.12232679575623037,5656.23905019685,5656.23905019685,3271.2739911417307,5656.23905019685,0.10506295478915027,0.10506295478915033,0.10672033799671429,0.10506295478915033
Parang,0.8254728125095142,0.8254728125095147,0.6641561407609796,0.8254728125095147,0.05580352333126681,0.055803523331266786,0.031426773244715746,0.055803523331266786,730.7707923228348,730.7707923228346,1406.7759596456676,730.7707923228346,0.01180172852338661,0.01180172852338661,0.010724931506986954,0.01180172852338661
Parang,0.7261280141439704,0.7261280141439692,0.8771023815545663,0.7261280141439692,0.21376417924483596,0.21376417924483623,0.26798052511007114,0.21376417924483623,5246.247416338582,5246.247416338582,2355.7884473425206,5246.247416338582,0.17110757638465443,0.17110757638465446,0.17893242458755576,0.17110757638465446
Parang,0.7906245301525224,0.7906245301525228,0.7933564859751995,0.7906245301525228,0.1476809962163218,0.14768099621632177,0.13273781552281022,0.14768099621632177,1493.8812746062997,1493.8812746062988,1477.7343750000007,1493.8812746062988,0.08840615614196164,0.08840615614196165,0.0893162057362098,0.08840615614196165
Parang,0.839104945989956,0.8391049459899577,0.7166887041364385,0.8391049459899577,0.24657287251183854,0.24657287251183901,0.2250480506750747,0.24657287251183901,1496.9047121062995,1496.9047121063002,2634.1572957677167,1496.9047121063002,0.2015789497129217,0.20157894971292165,0.20061667178965284,0.20157894971292165
Parang,0.7558420457510516,0.7558420457510509,0.774218652415229,0.7558420457510509,0.2843369494232505,0.2843369494232512,0.2846779454265147,0.2843369494232512,1915.6063607283463,1915.6063607283468,1772.0856299212585,1915.6063607283468,0.2654430830222504,0.26544308302225017,0.2667325672086407,0.26544308302225017
Parang,0.6856991758557532,0.685699175855753,0.764204886193556,0.685699175855753,0.10495979078519033,0.10495979078519035,0.11107800047428262,0.10495979078519035,1985.04749015748,1985.0474901574803,1481.3446112204708,1985.0474901574803,0.07170055616657216,0.07170055616657217,0.07004469518983869,0.07170055616657217
Parang,0.8351017813844664,0.8351017813844666,0.8336636358781075,0.8351017813844666,0.28959800784163114,0.28959800784163064,0.2904110075980247,0.28959800784163064,3347.746247539371,3347.7462475393722,3375.2818036417325,3347.7462475393722,0.24983892337252822,0.24983892337252814,0.248647079678752,0.24983892337252814
Parang,0.5318872429453015,0.5318872429453012,0.7304178030900828,0.5318872429453012,0.14451286160040888,0.14451286160040908,0.1598392763363059,0.14451286160040908,6138.189468503934,6138.189468503935,3543.433686023623,6138.189468503935,0.1284298261475887,0.12842982614758866,0.131469127524644,0.12842982614758866
Parang,0.535204514914623,0.5352045149146221,0.7241821206666397,0.5352045149146221,0.22026045731551613,0.22026045731551613,0.23024262438013138,0.22026045731551613,6950.326156496063,6950.326156496061,4127.941867618111,6950.326156496061,0.20668073803543108,0.20668073803543097,0.20933813574346807,0.20668073803543097
Parang,0.8062121449802809,0.8062121449802812,0.8840555508671429,0.8062121449802812,0.23108109121459203,0.23108109121459222,0.25511792787770876,0.23108109121459222,3739.2557824803134,3739.2557824803152,2242.3755536417316,3739.2557824803152,0.19302398831076698,0.19302398831076692,0.19742513062275344,0.19302398831076692
Parang,0.7639437567006057,0.7639437567006044,0.7758292310193458,0.7639437567006044,0.28993026849383935,0.28993026849383946,0.2881424632628935,0.28993026849383946,1932.4831446850403,1932.483144685038,1833.4175073818892,1932.483144685038,0.2721434305761099,0.2721434305761101,0.2706671942026843,0.2721434305761101
Parang,0.5661533713497414,0.5661533713497406,0.597213261150001,0.5661533713497406,0.0860850399064917,0.08608503990649159,0.08631058483104588,0.08608503990649159,4908.397391732282,4908.397391732285,4560.132012795273,4908.397391732285,0.06623449468166366,0.06623449468166365,0.0668653260858621,0.06623449468166365
Parang,0.7075193815174458,0.7075193815174475,0.8494982807634099,0.7075193815174475,0.18148487493149731,0.18148487493149737,0.19664553744848975,0.18148487493149737,2803.7081692913375,2803.708169291337,1448.6000246062983,2803.708169291337,0.15900984372750365,0.15900984372750368,0.16193536656386315,0.15900984372750368
Parang,0.8687473157370926,0.8687473157370927,0.5970874188613372,0.8687473157370927,0.10239173176106378,0.10239173176106382,0.06746798255948412,0.10239173176106382,872.9796382874015,872.9796382874016,2661.880843996063,872.9796382874016,0.0344985448547626,0.0344985448547626,0.029664753658248933,0.0344985448547626
Parang,0.8007282706493205,0.8007282706493195,0.729526235805441,0.8007282706493195,0.23973296977178482,0.23973296977178457,0.23293586984022746,0.23973296977178457,1562.3860728346451,1562.3860728346465,2117.1210014763765,1562.3860728346465,0.2178747113839846,0.21787471138398468,0.2146121264556308,0.21787471138398468
Parang,0.8729430454072584,0.8729430454072581,0.8107660851416042,0.8729430454072581,0.2697851357904325,0.26978513579043284,0.25240412442158067,0.26978513579043284,2515.9908341535424,2515.990834153543,3745.9261811023616,2515.990834153543,0.21221884602653326,0.21221884602653318,0.2106213333138664,0.21221884602653318
Parang,0.7065002625155807,0.7065002625155811,0.8178497784052902,0.7065002625155811,0.06624561899671297,0.06624561899671295,0.06303425354237602,0.06624561899671295,1752.4367618110234,1752.4367618110223,1086.9773622047244,1752.4367618110223,0.016474280257156002,0.016474280257156,0.016142229278046046,0.016474280257156
Parang,0.718545975481405,0.7185459754814074,0.8254825350828582,0.7185459754814074,0.1744369139843279,0.17443691398432778,0.1874955172012158,0.17443691398432778,2635.3987450787404,2635.398745078737,1620.0382627952745,2635.398745078737,0.15054327614533833,0.15054327614533833,0.1453479795937742,0.15054327614533833
Parang,0.8695952066639324,0.8695952066639322,0.7909043507610649,0.8695952066639322,0.12825586570536612,0.1282558657053662,0.10594445752569322,0.1282558657053662,1904.6656003937017,1904.6656003937014,3050.3249876968503,1904.6656003937014,0.07525918172128648,0.07525918172128651,0.074265025345531,0.07525918172128651
Parang,0.833527573577083,0.8335275735770837,0.8106718104564709,0.8335275735770837,0.1998075643407883,0.19980756434078834,0.2040454038861916,0.19980756434078834,2943.672982283465,2943.6729822834654,3348.3788139763783,2943.6729822834654,0.16546659088117613,0.16546659088117613,0.16559618900489712,0.16546659088117613
Parang,0.7771064122291134,0.7771064122291131,0.7226120913261641,0.7771064122291131,0.14293073062822223,0.14293073062822223,0.12879406196937598,0.14293073062822223,1570.5794783464562,1570.5794783464573,2024.109559547245,1570.5794783464573,0.08429843924378497,0.08429843924378495,0.09839343422043993,0.08429843924378495
Parang,0.9070909706579595,0.9070909706579598,0.6946266755663443,0.9070909706579598,0.13015825805050077,0.1301582580505008,0.053947561193303045,0.1301582580505008,1091.187930610237,1091.1879306102362,3569.792999507873,1091.1879306102362,0.04575349294263481,0.0457534929426348,0.019507185908690907,0.0457534929426348
Parang,0.764115129424718,0.7641151294247166,0.8384470465888519,0.7641151294247166,0.24574269473109764,0.24574269473109767,0.25030072459345026,0.24574269473109767,2719.8574680118104,2719.857468011811,1859.0081200787408,2719.857468011811,0.22379701370669527,0.22379701370669508,0.2219795234983444,0.22379701370669508
Parang,0.8460204490145055,0.8460204490145056,0.8473109145975477,0.8460204490145056,0.33109254988429937,0.3310925498842998,0.3359456573329753,0.3310925498842998,3290.6000861220464,3290.6000861220487,3264.3974532480315,3290.6000861220487,0.28718081280355995,0.28718081280356017,0.2884984174529039,0.28718081280356017
Parang,0.6389126983071568,0.6389126983071567,0.6024804082837245,0.6389126983071567,0.1457458981924846,0.1457458981924849,0.14331586264068646,0.1457458981924849,4775.681779035435,4775.681779035433,5250.666338582678,4775.681779035433,0.12786935714261968,0.1278693571426196,0.12645848446067312,0.1278693571426196
Parang,0.7941970488580324,0.7941970488580334,0.7088277881824693,0.7941970488580334,0.16753006205014231,0.1675300620501425,0.159494230973681,0.1675300620501425,1404.685839074804,1404.6858390748023,1982.7232406496062,1404.6858390748023,0.1404477951138363,0.14044779511383626,0.13815946735644802,0.14044779511383626
Parang,0.7934719176724155,0.7934719176724162,0.762538332587828,0.7934719176724162,0.21934361885753442,0.2193436188575344,0.22854531434927283,0.2193436188575344,1926.8223425196857,1926.8223425196852,2216.4504798228345,1926.8223425196852,0.189559018318279,0.18955901831827893,0.18989366396314486,0.18955901831827893
Parang,0.8646561389785417,0.8646561389785412,0.773713100290769,0.8646561389785412,0.2562725092373894,0.25627250923738953,0.2490816994544159,0.25627250923738953,2592.08716781496,2592.087167814962,4328.46518208661,2592.087167814962,0.21809892935511713,0.21809892935511718,0.21495401631327601,0.21809892935511718
Parang,0.7756811556460697,0.7756811556460685,0.7452543077298461,0.7756811556460685,0.1758024159974779,0.17580241599747767,0.17650770362225818,0.17580241599747767,1541.733944389764,1541.7339443897645,1749.8534694881905,1541.7339443897645,0.15173262970972543,0.15173262970972543,0.1516688950370219,0.15173262970972543
Parang,0.7145250903620899,0.7145250903620898,0.8271969964104613,0.7145250903620898,0.2217490054058204,0.22174900540582043,0.2281157644748212,0.22174900540582043,2156.3398129921266,2156.339812992127,1304.7959522637793,2156.339812992127,0.20367536247618767,0.2036753624761877,0.20264553533152618,0.2036753624761877
Parang,0.6953217272909702,0.69532172729097,0.8698084299227585,0.69532172729097,0.15204589746983221,0.1520458974698321,0.18967075842462844,0.1520458974698321,5078.965797244094,5078.965797244096,2182.302595964568,5078.965797244096,0.1209002473525652,0.12090024735256524,0.12916039592899406,0.12090024735256524
Parang,0.6931234371756112,0.6931234371756132,0.8678890639391265,0.6931234371756132,0.20060549931294208,0.20060549931294244,0.2184342755076294,0.20060549931294244,3049.806656003937,3049.8066560039383,1319.975885826772,3049.8066560039383,0.17981477209717975,0.17981477209717966,0.18385335429456184,0.17981477209717966
Parang,0.8091752113771744,0.8091752113771744,0.6178823667581775,0.8091752113771744,0.07939344707037266,0.07939344707037278,0.06027587847165342,0.07939344707037278,1224.5485974409441,1224.5485974409457,2463.5281126968507,1224.5485974409457,0.019867015356168197,0.019867015356168194,0.022004588070176797,0.019867015356168194
Parang,0.7609804747777636,0.7609804747777639,0.8109346878827217,0.7609804747777639,0.1715064035621879,0.17150640356218796,0.16635848573780612,0.17150640356218796,1824.22779281496,1824.2277928149604,1445.1017470472439,1824.2277928149604,0.12487748365938496,0.12487748365938497,0.12642691033549946,0.12487748365938497
Parang,0.7502976371064055,0.7502976371064053,0.8854127823513536,0.7502976371064053,0.23165224563052322,0.23165224563052317,0.3050214388853151,0.23165224563052317,4914.743233267716,4914.743233267718,2255.352116141732,4914.743233267718,0.18900068632362169,0.18900068632362152,0.19939746867699878,0.18900068632362152
Parang,0.6083706754104568,0.6083706754104572,0.5810474409136194,0.6083706754104572,0.10204760377494439,0.10204760377494433,0.10245510464204385,0.10204760377494433,4585.952817421259,4585.952817421259,4906.037647637796,4585.952817421259,0.08297587422609766,0.08297587422609765,0.08295279444408264,0.08297587422609765
Parang,0.7861276139192687,0.7861276139192684,0.8238994730656054,0.7861276139192684,0.13476945510294963,0.13476945510294944,0.14305304393533674,0.13476945510294944,3406.593257874017,3406.5932578740144,2790.6261072834664,3406.5932578740144,0.09415989511148602,0.09415989511148595,0.0889383273620457,0.09415989511148595
Parang,0.45743169160484454,0.4574316916048438,0.6252959449392658,0.4574316916048438,0.05943640666121095,0.05943640666121095,0.07388012721169959,0.05943640666121095,5798.766424704725,5798.766424704724,4005.4944020669327,5798.766424704724,0.04170994538347192,0.041709945383471905,0.04283528428619809,0.041709945383471905
Parang,0.6761639097305732,0.6761639097305739,0.8304365867296832,0.6761639097305739,0.13981416175904873,0.1398141617590485,0.15075994624268846,0.1398141617590485,2064.8868725393713,2064.886872539372,1082.8554379921263,2064.886872539372,0.1162218575789546,0.11622185757895467,0.11779075526826267,0.11622185757895467
Parang,0.7317223860858799,0.7317223860858786,0.870235399369279,0.7317223860858786,0.1224640522689337,0.12246405226893359,0.15356744243683268,0.12246405226893359,1836.1227239173238,1836.1227239173231,890.439837598425,1836.1227239173231,0.08227371970408016,0.08227371970408008,0.08385298239416014,0.08227371970408008
Parang,0.8417737869617097,0.841773786961711,0.8524681537090283,0.841773786961711,0.33162671978022196,0.3316267197802213,0.32919384853630845,0.3316267197802213,3376.32997047244,3376.3299704724404,3147.294106791339,3376.3299704724404,0.28767572370428585,0.2876757237042859,0.2885762816177141,0.2876757237042859
Parang,0.8583820277638828,0.8583820277638831,0.5573997419831246,0.8583820277638831,0.1076329605877858,0.10763296058778592,0.08040599790404049,0.10763296058778592,834.9915108267712,834.991510826771,2603.4605684055123,834.991510826771,0.06100023910259683,0.06100023910259679,0.05922327805205351,0.06100023910259679
Parang,0.8804494430780047,0.8804494430780053,0.7193994222499619,0.8804494430780053,0.10835080157006992,0.10835080157006992,0.053214655169592,0.10835080157006992,1335.1296136811022,1335.129613681102,3134.1093134842527,1335.129613681102,0.0350673218116738,0.0350673218116738,0.018734550114223744,0.0350673218116738
Parang,0.7550491039839771,0.7550491039839767,0.8521803569954599,0.7550491039839767,0.07187512056239317,0.0718751205623932,0.09091376711161743,0.0718751205623932,1279.2658710629921,1279.2658710629933,771.2424950787403,1279.2658710629933,0.01745183449101567,0.01745183449101566,0.018050863122848693,0.01745183449101566
Parang,0.6191981916556993,0.619198191655699,0.8025259438427527,0.619198191655699,0.10726896688235289,0.10726896688235286,0.12400393546427957,0.10726896688235286,2728.1857775590533,2728.185777559054,1411.8134842519676,2728.185777559054,0.07989785088428168,0.07989785088428167,0.079325839151266,0.07989785088428167
Parang,0.8098006198293228,0.8098006198293237,0.8355715213910458,0.8098006198293237,0.14116391150997937,0.14116391150997945,0.15207147877022253,0.14116391150997945,2920.735728346456,2920.7357283464585,2561.1611712598424,2920.7357283464585,0.08781682759441198,0.087816827594412,0.10316185442577365,0.087816827594412
Parang,0.755235023049393,0.7552350230493922,0.85762732505589,0.7552350230493922,0.1835912740837208,0.18359127408372045,0.2054331361184644,0.18359127408372045,2061.9258120078753,2061.925812007875,1200.5161786417325,2061.925812007875,0.14886328040905938,0.1488632804090593,0.14942503159054837,0.1488632804090593
Parang,0.5967755631246867,0.5967755631246877,0.5553247124142859,0.5967755631246877,0.06779421759099309,0.06779421759099306,0.0627208303323205,0.06779421759099306,4256.343996062992,4256.343996062993,4706.417384350395,4256.343996062993,0.040069660268661766,0.04006966026866175,0.041387162558244706,0.04006966026866175
Parang,0.7361604214803237,0.7361604214803236,0.8507715155121929,0.7361604214803236,0.2821534734113788,0.2821534734113791,0.2914242997730762,0.2821534734113791,3372.812561515748,3372.8125615157464,1905.3553149606294,3372.8125615157464,0.264667086099727,0.2646670860997271,0.2632151393999613,0.2646670860997271
Parang,0.6717067164540781,0.671706716454077,0.5807664411668156,0.671706716454077,0.16978259034377044,0.1697825903437706,0.15966974159603076,0.1697825903437706,4560.440022145669,4560.440022145671,5814.464443897635,4560.440022145671,0.14668024758686213,0.14668024758686204,0.14472324627606617,0.14668024758686204
Parang,0.7978484413514885,0.7978484413514896,0.7474738112848456,0.7978484413514896,0.21142256808065102,0.2114225680806509,0.20464086406965493,0.2114225680806509,1423.0533341535427,1423.0533341535431,1773.5089197834654,1423.0533341535431,0.18747034980988891,0.1874703498098892,0.18402324723273328,0.1874703498098892
Parang,0.8663821615029768,0.8663821615029775,0.8160111019865761,0.8663821615029775,0.17380452329731863,0.17380452329731855,0.16507250261598325,0.17380452329731855,2216.336921751968,2216.3369217519676,3050.362573818898,2216.3369217519676,0.1211535751854054,0.12115357518540536,0.12045480916083044,0.12115357518540536
Parang,0.6973474365953797,0.697347436595379,0.9386348081039989,0.697347436595379,0.1460537393056261,0.14605373930562615,0.2538781657089723,0.14605373930562615,5045.77386811024,5045.773868110235,1039.4089566929133,5045.773868110235,0.10952674659977825,0.10952674659977826,0.13761368448051345,0.10952674659977826
Parang,0.8230009317634286,0.8230009317634284,0.8196244862468234,0.8230009317634284,0.15367042123170332,0.15367042123170327,0.16085364392047896,0.15367042123170327,2834.479146161417,2834.4791461614177,2891.5033833661414,2834.4791461614177,0.1177453519824994,0.11774535198249939,0.11908670314203355,0.11774535198249939
Parang,0.6105174384350803,0.6105174384350804,0.6633350596516651,0.6105174384350804,0.14946476935031766,0.14946476935031805,0.15442868038252927,0.14946476935031805,5181.58366141732,5181.583661417322,4482.889579232284,5181.583661417322,0.13318084152193896,0.13318084152193893,0.13418783068286333,0.13318084152193893
Parang,0.7557163472963071,0.7557163472963074,0.8384255182117873,0.7557163472963074,0.10702168076797308,0.10702168076797307,0.12437359754522566,0.10702168076797307,3652.841966043308,3652.8419660433074,2409.379798228347,3652.8419660433074,0.06568845025674226,0.06568845025674229,0.06354686939269592,0.06568845025674229
Parang,0.7588206590188573,0.7588206590188589,0.8253222993393327,0.7588206590188589,0.2520471387297505,0.2520471387297507,0.2558180863003362,0.2520471387297507,2850.982898622046,2850.9828986220473,2061.5359251968516,2850.9828986220473,0.23056703068460907,0.23056703068460901,0.22892948225328988,0.23056703068460901
Parang,0.7684967528152012,0.7684967528152017,0.7213273282465871,0.7684967528152017,0.1135479455430244,0.11354794554302443,0.11021306274683375,0.11354794554302443,1402.0821235236226,1402.0821235236222,1686.1774114173238,1402.0821235236222,0.08369917766132967,0.08369917766132963,0.08301029951964724,0.08369917766132963
Parang,0.719725053244035,0.7197250532440364,0.8714205499393336,0.7197250532440364,0.1650855739865908,0.16508557398659085,0.17442889023752306,0.16508557398659085,1869.205585629922,1869.2055856299205,861.6644931102362,1869.2055856299205,0.11287092103649686,0.1128709210364969,0.11740157624718116,0.1128709210364969
Parang,0.767118426018615,0.7671184260186148,0.8757778162599327,0.7671184260186148,0.17285105167471512,0.1728510516747149,0.18288595230993282,0.1728510516747149,3803.22908464567,3803.22908464567,2034.1515748031497,3803.22908464567,0.13941659117714844,0.13941659117714839,0.14261473298591162,0.13941659117714839
Parang,0.6458405957794634,0.6458405957794641,0.8346639292217709,0.6458405957794641,0.1431386654480656,0.14313866544806564,0.15873214536690913,0.14313866544806564,3076.767285925199,3076.7672859251975,1443.6305364173222,3076.7672859251975,0.11764693416788308,0.11764693416788309,0.12017330859259857,0.11764693416788309
Parang,0.8705904391680012,0.8705904391680016,0.820661593319647,0.8705904391680016,0.2170636749176549,0.21706367491765483,0.1997095113258205,0.21706367491765483,2326.5957800196857,2326.5957800196848,3219.211368110236,2326.5957800196848,0.16079635255234198,0.16079635255234212,0.15844687061133372,0.16079635255234212
Parang,0.6189365676481366,0.6189365676481365,0.6053403300166366,0.6189365676481365,0.09187764854789167,0.09187764854789167,0.08764605611977894,0.09187764854789167,4330.203740157481,4330.203740157479,4485.655696358267,4330.203740157479,0.06941048407620501,0.06941048407620501,0.069231376289368,0.06941048407620501
Parang,0.55604886686073,0.5560488668607285,0.6122651724826509,0.5560488668607285,0.12255984640689593,0.122559846406896,0.13248761802094208,0.122559846406896,5794.990280511811,5794.99028051181,5057.525467519682,5794.99028051181,0.1050439354141153,0.1050439354141152,0.10483326725513799,0.1050439354141152
Parang,0.6383974622726126,0.6383974622726116,0.8524107566934033,0.6383974622726116,0.11963596214499836,0.11963596214499844,0.1355159910386372,0.11963596214499844,2341.7103838582675,2341.7103838582675,955.4956938976378,2341.7103838582675,0.0987441007376255,0.09874410073762555,0.09858235945221781,0.09874410073762555
Parang,0.8162385328791584,0.8162385328791592,0.8146286446192237,0.8162385328791592,0.17316554396533557,0.1731655439653354,0.18294434706274348,0.1731655439653354,1310.2591658464569,1310.259165846457,1319.5190083661416,1310.259165846457,0.12462522747285265,0.12462522747285253,0.12291255939085366,0.12462522747285253
Parang,0.6924031988863136,0.6924031988863132,0.799340118787805,0.6924031988863132,0.13683055289881782,0.13683055289881793,0.14474380957181743,0.13683055289881793,2503.24120324803,2503.2412032480315,1637.6383489173238,2503.2412032480315,0.10823125532479559,0.10823125532479567,0.10944704449690706,0.10823125532479567
Parang,0.7821463360874502,0.78214633608745,0.857723158388322,0.78214633608745,0.21941243083738457,0.21941243083738488,0.23467928912412075,0.21941243083738488,3997.552780511811,3997.5527805118113,2610.5361097440937,3997.5527805118113,0.18878889420583464,0.1887888942058346,0.18914090901396607,0.1887888942058346
